location	filename	size	sha256	revision
ARCHE_D2	ios_2023-07-12_20.46.14_000.zip	72302454	69d5a91cfa1e5ab95e1aa2a0fc3419af4f7b306b9dd0403886fc7e68b9839a92	01ac04fa70245ef511508b2cda9d4f7315e3120e
ARCHE_D2	ios_2023-07-12_20.46.14_001.zip	92418530	aefef5eab4add228f754c1ad87adccdaade5567f0309a86beea31769c2a35a66	01ac04fa70245ef511508b2cda9d4f7315e3120e
ARCHE_D2	ios_2023-07-12_20.46.14_002.zip	92717343	84d173c3078305d36f1e3ec285d75922091c1fc9b890700f9308094984e0ff3f	01ac04fa70245ef511508b2cda9d4f7315e3120e
ARCHE_D2	ios_2023-07-12_20.50.04_000.zip	80920230	eaf4583bba3d18e097aaf924696e3d433ade0f24167c98335d5a0e641dc91855	01ac04fa70245ef511508b2cda9d4f7315e3120e
ARCHE_D2	ios_2023-07-12_20.51.17_000.zip	119440141	a2493421af601dffa8603d3c7590a010c8e576d369ccdaed0bae3f66c81d4579	01ac04fa70245ef511508b2cda9d4f7315e3120e
ARCHE_D2	ios_2023-07-12_20.54.50_000.zip	156241978	baea34ccd3fe2f32b5557f476d3014f583ce5f3efec3ff011f0fcbcfa8927c43	01ac04fa70245ef511508b2cda9d4f7315e3120e
ARCHE_D2	ios_2023-07-13_14.42.15_000.zip	185239229	a23fc0cbd13de404024958f8abbee5d505a5786356ab31b26bd68130ada24003	01ac04fa70245ef511508b2cda9d4f7315e3120e
ARCHE_D2	ios_2023-07-14_09.23.15_000.zip	181846923	7923f61cd2fd497865918fc3d75c5721ce565784f7a712bdb1bb2260f76d6831	01ac04fa70245ef511508b2cda9d4f7315e3120e
ARCHE_D2	ios_2023-07-14_09.58.15_000.zip	91707752	c55619eb61672f482e99797e86001b9831ef677dc1d608296e0c582c1bec456e	01ac04fa70245ef511508b2cda9d4f7315e3120e
ARCHE_D2	ios_2023-07-14_09.58.15_001.zip	69308015	58b6c8fdef6d488926958836b42144ba5956a8cf08554915106a2a2c18e1e61f	01ac04fa70245ef511508b2cda9d4f7315e3120e
ARCHE_D2	ios_2024-07-03_13.49.13_000.zip	210460028	58d0a07490cf825ea14877e944eefd87ffada0933a2db411b961ed820659f33b	01ac04fa70245ef511508b2cda9d4f7315e3120e
ARCHE_D2	ios_2024-07-03_13.52.58_000.zip	143294657	e850a3992248f6eea9c76aefd148b08abd999c35b24067f5066c5fd6f4909a70	01ac04fa70245ef511508b2cda9d4f7315e3120e
ARCHE_D2	ios_2024-07-03_13.54.46_000.zip	192487625	0da9385320edb539cfb4e8e2c24ffdeec2c7a277ea4817f8e0621b4b3acd478a	01ac04fa70245ef511508b2cda9d4f7315e3120e
ARCHE_D2	ios_2024-07-04_09.51.03_000.zip	150480806	b1956e797ddd28bc5b6924d8832e8b9f7bf8c2fdf3743febc348278ea6f97e06	01ac04fa70245ef511508b2cda9d4f7315e3120e
ARCHE_B3	ios_2023-07-12_15.40.46_000.zip	363577101	069693c879bcddfc2dc7357ef8eae7b53e10046d1a26d93802fbbc11b626e31e	1a7ad6cbba06165ccbd2e3beec53430e7efbb57c
ARCHE_B3	ios_2023-07-13_14.54.17_000.zip	443683587	c1009e672e739de6d80e3f0ea6c1453097915788f6a95edb4a9401bcbf32607d	1a7ad6cbba06165ccbd2e3beec53430e7efbb57c
ARCHE_B3	ios_2023-07-13_17.20.21_000.zip	239647725	adabc7e7b6d82d114b9d3b39d581b6a4eb490d38c85693b40fbfc997be1562e3	1a7ad6cbba06165ccbd2e3beec53430e7efbb57c
ARCHE_B3	ios_2023-07-13_17.27.32_000.zip	108478911	47e83eadac54905af77f432bb6092898a5499ec20084312b8ba493d7abaed3e9	1a7ad6cbba06165ccbd2e3beec53430e7efbb57c
ARCHE_B3	ios_2023-07-13_17.39.07_000.zip	397040999	20a6d06d7f29634ce31faee3db3e223a2f9ea04ea050efa2089e47f2c0bb5756	1a7ad6cbba06165ccbd2e3beec53430e7efbb57c
ARCHE_B3	ios_2023-07-13_17.45.43_000.zip	304219072	7242dcfed371db690fb2c08a543f5132e0933866b7fc03d4ce8c2e046bccb7b4	1a7ad6cbba06165ccbd2e3beec53430e7efbb57c
ARCHE_B3	ios_2023-07-14_09.26.43_000.zip	386566510	419609a16cdf5eddb51a9fd000b2d514096dbc703c3e32a6bbc5955deabd2518	1a7ad6cbba06165ccbd2e3beec53430e7efbb57c
ARCHE_B3	ios_2024-07-02_20.03.10_000.zip	343414573	cfaf5d57f37c68529f11f712f607b9a9035afd88adcf8ddc9d26c88aecf981c5	1a7ad6cbba06165ccbd2e3beec53430e7efbb57c
ARCHE_B3	ios_2024-07-02_20.07.01_000.zip	300422624	65ca8f5182f1dad7a60a796d79656ab200e82fa27214bd547101d08b27fbba19	1a7ad6cbba06165ccbd2e3beec53430e7efbb57c
ARCHE_B3	ios_2024-07-02_20.10.50_000.zip	268719674	b0514ae3a493e7e579e9fa3597f4026a21435900d97c6da6543709e66dfbd7f0	1a7ad6cbba06165ccbd2e3beec53430e7efbb57c
ARCHE_B3	ios_2024-07-03_10.23.27_000.zip	310346914	ee18cebc4906a0ec25036ce58509df299a7bb092eecb3ceee46d056f0bb991a5	1a7ad6cbba06165ccbd2e3beec53430e7efbb57c
ARCHE_B3	ios_2024-07-03_10.25.48_000.zip	305630890	d9725075ef444c8037e80aff4a1f6297df860bcb4268a25ba487deee3a4adab2	1a7ad6cbba06165ccbd2e3beec53430e7efbb57c
ARCHE_B3	ios_2024-07-03_10.28.29_000.zip	245903624	8ea8dfdb2e942695b78addacb265cc4a30de31c19524d07d1badf36022d38902	1a7ad6cbba06165ccbd2e3beec53430e7efbb57c
ARCHE_B3	ios_2024-07-03_10.37.16_000.zip	310156254	3342cf3bffb446f680d1b92a1d5503aad3c905891db28a00077217313afd09d6	1a7ad6cbba06165ccbd2e3beec53430e7efbb57c
ARCHE_B5	ios_2023-07-12_09.58.39_000.zip	169044384	d07b47b1c0e721087352bb7607c5cea7d4e97e05ac21039c93146164f78fa85e	79e1bfa627f62494cb71f4514b31f1b32c82327f
ARCHE_B5	ios_2023-07-12_15.34.42_000.zip	342450481	9ebb18ece5a53d16bdac32a69d731b0a455421a281f4170f9eb2f792215104d3	79e1bfa627f62494cb71f4514b31f1b32c82327f
ARCHE_B5	ios_2024-07-03_08.35.25_000.zip	215601668	0d1de7fc702827c9c20fbd5750ca4187e6d18155f6f64fa757272192e33839a3	79e1bfa627f62494cb71f4514b31f1b32c82327f
ARCHE_B5	ios_2024-07-03_08.39.00_000.zip	123404299	2180ce6c8f680cadd5598c83d266f4b0d49205e743496bdd498e67dcff44a003	79e1bfa627f62494cb71f4514b31f1b32c82327f
ARCHE_B5	ios_2024-07-03_08.41.52_000.zip	203653202	1df6737d81cbd6797b702166e4c77d49934eb98c92c80a3c9a391a4259eaaec0	79e1bfa627f62494cb71f4514b31f1b32c82327f
ARCHE_B5	ios_2024-07-03_08.44.42_000.zip	267299322	267ac11720bf3c0ab0f3e01817878160ab0508a3afedf286463ce6a23eec0317	79e1bfa627f62494cb71f4514b31f1b32c82327f
ARCHE_B5	ios_2024-07-03_08.48.36_000.zip	368777650	277b4ba4c0cbe22365f35441918a37b99ca04a6ad0682f9f380633ffe7e4eaa1	79e1bfa627f62494cb71f4514b31f1b32c82327f
ARCHE_B5	ios_2024-07-03_10.53.27_000.zip	169631175	4f7d821f500d9b789eb92fef6a5c6352e239413e772150f6d0e42779078d4df0	79e1bfa627f62494cb71f4514b31f1b32c82327f
ARCHE_B5	ios_2024-07-03_10.55.52_000.zip	143676210	217a0fb97354b7c54c4b78085183c66ae245fa9b6638cf9f42aabffff04c29b4	79e1bfa627f62494cb71f4514b31f1b32c82327f
ARCHE_B5	ios_2024-07-03_10.58.33_000.zip	296398942	846b440aef118a9cfe5fad6b0569a17f7c22e37b197d7ce4f5718aea41c462ed	79e1bfa627f62494cb71f4514b31f1b32c82327f
ARCHE_B5	ios_2024-07-03_11.02.48_000.zip	239138172	ca3362d2401be9bc870926c5ee580483779d711e5764b84a1ce120917c9b0108	79e1bfa627f62494cb71f4514b31f1b32c82327f
ARCHE_B5	ios_2024-07-03_11.06.13_000.zip	249565324	cac2ded2faf58019cc8fb9be5e077ae62a8530cfa058fcfdd9205bd4499769f7	79e1bfa627f62494cb71f4514b31f1b32c82327f
ARCHE_B5	ios_2024-07-03_11.24.47_000.zip	149016024	c45870262f929ad861ce903577d958114434f9d11c80b32b360fc788469365f2	79e1bfa627f62494cb71f4514b31f1b32c82327f
ARCHE_B5	ios_2024-07-03_11.27.10_000.zip	119815036	b6edde58ec46801e68a4ed5df2f6dd52d1b790b23cd2961e767c0dac5256149a	79e1bfa627f62494cb71f4514b31f1b32c82327f
ARCHE_B5	ios_2024-07-03_11.29.36_000.zip	173242111	bfa1b57a210e2fc4b82ef7721adc3a9f98aca97cdd94db63104780f24c2f4baf	79e1bfa627f62494cb71f4514b31f1b32c82327f
ARCHE_GRANDE	ios_2023-07-12_11.20.43_000.zip	339282924	f2d7bd2dddc006522cfcb8ba66947a731b320352c800bf9195cad3dd6ea4dc67	2ac3066c13925e11957d714ae5b63d29b05c1d40
ARCHE_GRANDE	ios_2023-07-12_11.24.55_000.zip	352869738	cd70288d09a1ec901e93d1f9690937cda3a73ecfad70a0b85032cfed969bcfc7	2ac3066c13925e11957d714ae5b63d29b05c1d40
ARCHE_GRANDE	ios_2023-07-13_17.23.13_000.zip	274983102	ac4544d3b657b81fdafe8ec4b9b923265a3d1c5d2c94fd5abece6abfb2e6334c	2ac3066c13925e11957d714ae5b63d29b05c1d40
ARCHE_GRANDE	ios_2023-07-13_17.29.37_000.zip	586282219	f3f6e1d68bf5d17b3a04841dbbc4aa65748645ffc7ee9f7a9ff92e5a6d875de7	2ac3066c13925e11957d714ae5b63d29b05c1d40
ARCHE_GRANDE	ios_2023-07-13_17.35.32_000.zip	391804876	7140b23be1b2bfd206d257344d90e54817f663cecab1e6552079c5698f6db94b	2ac3066c13925e11957d714ae5b63d29b05c1d40
ARCHE_GRANDE	ios_2023-07-14_09.15.25_001.zip	550579543	a4fb22c675de5f7dcdc249acdea0618ec334b2dfac45db638a93f08888a1e617	2ac3066c13925e11957d714ae5b63d29b05c1d40
ARCHE_GRANDE	ios_2023-07-14_09.15.25_002.zip	62148510	5223446baeadaaa2d7cf16a14e779d46686602780f9239c8eabccf9f28a2dd98	2ac3066c13925e11957d714ae5b63d29b05c1d40
ARCHE_GRANDE	ios_2023-07-14_09.50.07_000.zip	655728943	fa6b20437518fc44be82db28af702eb1db29101f2fac5e855f9be6ed0f687868	2ac3066c13925e11957d714ae5b63d29b05c1d40
ARCHE_GRANDE	ios_2024-07-02_10.35.30_000.zip	144484846	4759f26d32e9248f9324cf87e881985f4a3610feb6d9e3b5f3d3db3de704188f	2ac3066c13925e11957d714ae5b63d29b05c1d40
ARCHE_GRANDE	ios_2024-07-02_10.39.49_000.zip	196096766	7e86a1a990d9080d07e593e3e8f4d61906340828ef6fc2d926e4b75dab179b54	2ac3066c13925e11957d714ae5b63d29b05c1d40
ARCHE_GRANDE	ios_2024-07-02_10.43.05_000.zip	219690385	0dad9ec27a4469f21d1383acf77537c5aa1a8b6951d7e0aef430ad8212b7f83b	2ac3066c13925e11957d714ae5b63d29b05c1d40
ARCHE_GRANDE	ios_2024-07-02_10.50.03_000.zip	203235291	956f41e72dc38e372f98156f7eed4562d83b7b3d2ba4494861a5f43987a7616d	2ac3066c13925e11957d714ae5b63d29b05c1d40
ARCHE_GRANDE	ios_2024-07-02_10.53.46_000.zip	208002598	06d86a53f7c2fe5ea6716b4341a4ca0ccbc31aa5a263b62dcefce978c167db6a	2ac3066c13925e11957d714ae5b63d29b05c1d40
ARCHE_GRANDE	ios_2024-07-02_14.11.20_000.zip	135214947	b363372b1c7b13239651c1a8e3cba557ad7621d542ddf45b9a95f49284e8280a	2ac3066c13925e11957d714ae5b63d29b05c1d40
ARCHE_GRANDE	ios_2024-07-02_14.13.56_000.zip	120153956	bbb13902609491ca8be8e1098f8b5fcf78647d7d1fdb6ff0a1e9e053e9cbb0af	2ac3066c13925e11957d714ae5b63d29b05c1d40
ARCHE_GRANDE	ios_2024-07-03_14.47.39_000.zip	253578919	7a4a1fa67e41e960a120bfb7d5b8fbc9a93cf941f23a2d68a628948b6d8ce97c	2ac3066c13925e11957d714ae5b63d29b05c1d40
ARCHE_GRANDE	ios_2024-07-03_14.51.04_000.zip	241663828	f606e9056ad644b37be702b1408c0d9b0dd9a51ded530f7420a5808d00824248	2ac3066c13925e11957d714ae5b63d29b05c1d40
ARCHE_GRANDE	ios_2024-07-03_14.54.16_000.zip	175377090	0ad5ee2cbdb74c16a0358807e081994b702d5784d020ea7cf83f051e5b828e1d	2ac3066c13925e11957d714ae5b63d29b05c1d40
ARCHE_GRANDE	ios_2024-07-03_14.56.23_000.zip	160982684	024b807e44cea8611b97d6fd10020b50a764d9ba708bf2cb56a2c004d99d7258	2ac3066c13925e11957d714ae5b63d29b05c1d40
ARCHE_GRANDE	ios_2024-07-03_14.58.28_000.zip	187380203	8356a10014c6ac12b52a836ae816d2dcc425b46ac8305e8b85b29b9d6c9c3f44	2ac3066c13925e11957d714ae5b63d29b05c1d40
ARCHE_GRANDE	ios_2024-07-03_15.00.53_000.zip	180758136	d62310c2132faa037b6ee7db763db888c14cb24d50ce606dbf278b85d0212b3c	2ac3066c13925e11957d714ae5b63d29b05c1d40
